{
  "format": "web-program-pre1",
  "manifest": [
    {
      "path": "packages/underscore.js",
      "where": "client",
      "type": "js",
      "cacheable": true,
      "url": "/packages/underscore.js?0a80a8623e1b40b5df5a05582f288ddd586eaa18",
      "sourceMap": "packages/underscore.js.map",
      "sourceMapUrl": "/packages/0a80a8623e1b40b5df5a05582f288ddd586eaa18.map",
      "size": 150686,
      "hash": "0a80a8623e1b40b5df5a05582f288ddd586eaa18"
    },
    {
      "path": "packages/meteor.js",
      "where": "client",
      "type": "js",
      "cacheable": true,
      "url": "/packages/meteor.js?e53378596562e8922a6369c955bab1e047fa866b",
      "sourceMap": "packages/meteor.js.map",
      "sourceMapUrl": "/packages/e53378596562e8922a6369c955bab1e047fa866b.map",
      "size": 109549,
      "hash": "e53378596562e8922a6369c955bab1e047fa866b"
    },
    {
      "path": "packages/json.js",
      "where": "client",
      "type": "js",
      "cacheable": true,
      "url": "/packages/json.js?e22856eae714c681199eabc5c0710b904b125554",
      "sourceMap": "packages/json.js.map",
      "sourceMapUrl": "/packages/e22856eae714c681199eabc5c0710b904b125554.map",
      "size": 58343,
      "hash": "e22856eae714c681199eabc5c0710b904b125554"
    },
    {
      "path": "packages/base64.js",
      "where": "client",
      "type": "js",
      "cacheable": true,
      "url": "/packages/base64.js?1a63019243b73298e2964e6d4680f25bca657726",
      "sourceMap": "packages/base64.js.map",
      "sourceMapUrl": "/packages/1a63019243b73298e2964e6d4680f25bca657726.map",
      "size": 15685,
      "hash": "1a63019243b73298e2964e6d4680f25bca657726"
    },
    {
      "path": "packages/ejson.js",
      "where": "client",
      "type": "js",
      "cacheable": true,
      "url": "/packages/ejson.js?71047b64b5196348bdbe5fd5eea9ac97a5a9eb14",
      "sourceMap": "packages/ejson.js.map",
      "sourceMapUrl": "/packages/71047b64b5196348bdbe5fd5eea9ac97a5a9eb14.map",
      "size": 81471,
      "hash": "71047b64b5196348bdbe5fd5eea9ac97a5a9eb14"
    },
    {
      "path": "packages/logging.js",
      "where": "client",
      "type": "js",
      "cacheable": true,
      "url": "/packages/logging.js?07e201b648f16be8435a4f666156995eeda0c750",
      "sourceMap": "packages/logging.js.map",
      "sourceMapUrl": "/packages/07e201b648f16be8435a4f666156995eeda0c750.map",
      "size": 27996,
      "hash": "07e201b648f16be8435a4f666156995eeda0c750"
    },
    {
      "path": "packages/reload.js",
      "where": "client",
      "type": "js",
      "cacheable": true,
      "url": "/packages/reload.js?da8974b7231dd8c0caccb5f322dcf97329d486d1",
      "sourceMap": "packages/reload.js.map",
      "sourceMapUrl": "/packages/da8974b7231dd8c0caccb5f322dcf97329d486d1.map",
      "size": 25926,
      "hash": "da8974b7231dd8c0caccb5f322dcf97329d486d1"
    },
    {
      "path": "packages/tracker.js",
      "where": "client",
      "type": "js",
      "cacheable": true,
      "url": "/packages/tracker.js?21f0f4306879f57e10ad3a97efe9ea521c5b5775",
      "sourceMap": "packages/tracker.js.map",
      "sourceMapUrl": "/packages/21f0f4306879f57e10ad3a97efe9ea521c5b5775.map",
      "size": 69637,
      "hash": "21f0f4306879f57e10ad3a97efe9ea521c5b5775"
    },
    {
      "path": "packages/random.js",
      "where": "client",
      "type": "js",
      "cacheable": true,
      "url": "/packages/random.js?fe7b46080c91ce482acf6fc326afbc5b176f0502",
      "sourceMap": "packages/random.js.map",
      "sourceMapUrl": "/packages/fe7b46080c91ce482acf6fc326afbc5b176f0502.map",
      "size": 24099,
      "hash": "fe7b46080c91ce482acf6fc326afbc5b176f0502"
    },
    {
      "path": "packages/retry.js",
      "where": "client",
      "type": "js",
      "cacheable": true,
      "url": "/packages/retry.js?1f1dd2c35d300110fdaba51ce4473583bc3bf031",
      "sourceMap": "packages/retry.js.map",
      "sourceMapUrl": "/packages/1f1dd2c35d300110fdaba51ce4473583bc3bf031.map",
      "size": 7245,
      "hash": "1f1dd2c35d300110fdaba51ce4473583bc3bf031"
    },
    {
      "path": "packages/check.js",
      "where": "client",
      "type": "js",
      "cacheable": true,
      "url": "/packages/check.js?ac81167b8513b85b926c167bba423981b0c4cf9c",
      "sourceMap": "packages/check.js.map",
      "sourceMapUrl": "/packages/ac81167b8513b85b926c167bba423981b0c4cf9c.map",
      "size": 35647,
      "hash": "ac81167b8513b85b926c167bba423981b0c4cf9c"
    },
    {
      "path": "packages/id-map.js",
      "where": "client",
      "type": "js",
      "cacheable": true,
      "url": "/packages/id-map.js?9ea6eaae8d74693ce2505a858d9a5e60cf191298",
      "sourceMap": "packages/id-map.js.map",
      "sourceMapUrl": "/packages/9ea6eaae8d74693ce2505a858d9a5e60cf191298.map",
      "size": 8584,
      "hash": "9ea6eaae8d74693ce2505a858d9a5e60cf191298"
    },
    {
      "path": "packages/ordered-dict.js",
      "where": "client",
      "type": "js",
      "cacheable": true,
      "url": "/packages/ordered-dict.js?bf8af2f26c8d96bf8b2e6b407d3ed69f23c2cd37",
      "sourceMap": "packages/ordered-dict.js.map",
      "sourceMapUrl": "/packages/bf8af2f26c8d96bf8b2e6b407d3ed69f23c2cd37.map",
      "size": 20395,
      "hash": "bf8af2f26c8d96bf8b2e6b407d3ed69f23c2cd37"
    },
    {
      "path": "packages/geojson-utils.js",
      "where": "client",
      "type": "js",
      "cacheable": true,
      "url": "/packages/geojson-utils.js?81b79d5cf96d00b4b7a28987debcffb665c17526",
      "sourceMap": "packages/geojson-utils.js.map",
      "sourceMapUrl": "/packages/81b79d5cf96d00b4b7a28987debcffb665c17526.map",
      "size": 48339,
      "hash": "81b79d5cf96d00b4b7a28987debcffb665c17526"
    },
    {
      "path": "packages/minimongo.js",
      "where": "client",
      "type": "js",
      "cacheable": true,
      "url": "/packages/minimongo.js?fbdf3cbcb6792f76d0a630fe03a04d644bb0b10d",
      "sourceMap": "packages/minimongo.js.map",
      "sourceMapUrl": "/packages/fbdf3cbcb6792f76d0a630fe03a04d644bb0b10d.map",
      "size": 457726,
      "hash": "fbdf3cbcb6792f76d0a630fe03a04d644bb0b10d"
    },
    {
      "path": "packages/ddp.js",
      "where": "client",
      "type": "js",
      "cacheable": true,
      "url": "/packages/ddp.js?d1840d3ba04c65ffade261f362e26699b7509706",
      "sourceMap": "packages/ddp.js.map",
      "sourceMapUrl": "/packages/d1840d3ba04c65ffade261f362e26699b7509706.map",
      "size": 621843,
      "hash": "d1840d3ba04c65ffade261f362e26699b7509706"
    },
    {
      "path": "packages/insecure.js",
      "where": "client",
      "type": "js",
      "cacheable": true,
      "url": "/packages/insecure.js?3dc9d4a2dad55999b5b15a447d57f3d5fb66b290",
      "sourceMap": "packages/insecure.js.map",
      "sourceMapUrl": "/packages/3dc9d4a2dad55999b5b15a447d57f3d5fb66b290.map",
      "size": 1290,
      "hash": "3dc9d4a2dad55999b5b15a447d57f3d5fb66b290"
    },
    {
      "path": "packages/mongo.js",
      "where": "client",
      "type": "js",
      "cacheable": true,
      "url": "/packages/mongo.js?3cfe0c5981c197df33036a37574850f057e934a6",
      "sourceMap": "packages/mongo.js.map",
      "sourceMapUrl": "/packages/3cfe0c5981c197df33036a37574850f057e934a6.map",
      "size": 149426,
      "hash": "3cfe0c5981c197df33036a37574850f057e934a6"
    },
    {
      "path": "packages/autoupdate.js",
      "where": "client",
      "type": "js",
      "cacheable": true,
      "url": "/packages/autoupdate.js?9a5ea03bf057815385bf569c7acc2c285c005491",
      "sourceMap": "packages/autoupdate.js.map",
      "sourceMapUrl": "/packages/9a5ea03bf057815385bf569c7acc2c285c005491.map",
      "size": 17152,
      "hash": "9a5ea03bf057815385bf569c7acc2c285c005491"
    },
    {
      "path": "packages/meteor-platform.js",
      "where": "client",
      "type": "js",
      "cacheable": true,
      "url": "/packages/meteor-platform.js?499a2f8522e25820b1153c69a92751ccaae507b3",
      "sourceMap": "packages/meteor-platform.js.map",
      "sourceMapUrl": "/packages/499a2f8522e25820b1153c69a92751ccaae507b3.map",
      "size": 1384,
      "hash": "499a2f8522e25820b1153c69a92751ccaae507b3"
    },
    {
      "path": "packages/autopublish.js",
      "where": "client",
      "type": "js",
      "cacheable": true,
      "url": "/packages/autopublish.js?c3059a78bb200b171099fc4fa1a9345101790ddb",
      "sourceMap": "packages/autopublish.js.map",
      "sourceMapUrl": "/packages/c3059a78bb200b171099fc4fa1a9345101790ddb.map",
      "size": 1293,
      "hash": "c3059a78bb200b171099fc4fa1a9345101790ddb"
    },
    {
      "path": "packages/cfs_standard-packages.js",
      "where": "client",
      "type": "js",
      "cacheable": true,
      "url": "/packages/cfs_standard-packages.js?19b305d60b4a8e65110bbc6cc2dbfb5143ad376f",
      "sourceMap": "packages/cfs_standard-packages.js.map",
      "sourceMapUrl": "/packages/19b305d60b4a8e65110bbc6cc2dbfb5143ad376f.map",
      "size": 1306,
      "hash": "19b305d60b4a8e65110bbc6cc2dbfb5143ad376f"
    },
    {
      "path": "packages/deps.js",
      "where": "client",
      "type": "js",
      "cacheable": true,
      "url": "/packages/deps.js?504589e1e9585dec8f9f6094e5a87b22de3783a1",
      "sourceMap": "packages/deps.js.map",
      "sourceMapUrl": "/packages/504589e1e9585dec8f9f6094e5a87b22de3783a1.map",
      "size": 1442,
      "hash": "504589e1e9585dec8f9f6094e5a87b22de3783a1"
    },
    {
      "path": "packages/cfs_base-package.js",
      "where": "client",
      "type": "js",
      "cacheable": true,
      "url": "/packages/cfs_base-package.js?9d87a0a6b741fa5c12b65d247759f8c69581dd43",
      "sourceMap": "packages/cfs_base-package.js.map",
      "sourceMapUrl": "/packages/9d87a0a6b741fa5c12b65d247759f8c69581dd43.map",
      "size": 47742,
      "hash": "9d87a0a6b741fa5c12b65d247759f8c69581dd43"
    },
    {
      "path": "packages/livedata.js",
      "where": "client",
      "type": "js",
      "cacheable": true,
      "url": "/packages/livedata.js?718526445deb4d9baacb6d92c551adea1d36c1e1",
      "sourceMap": "packages/livedata.js.map",
      "sourceMapUrl": "/packages/718526445deb4d9baacb6d92c551adea1d36c1e1.map",
      "size": 1413,
      "hash": "718526445deb4d9baacb6d92c551adea1d36c1e1"
    },
    {
      "path": "packages/mongo-livedata.js",
      "where": "client",
      "type": "js",
      "cacheable": true,
      "url": "/packages/mongo-livedata.js?e6ebca489f38b73788b494509a4f83d87fdbf6c0",
      "sourceMap": "packages/mongo-livedata.js.map",
      "sourceMapUrl": "/packages/e6ebca489f38b73788b494509a4f83d87fdbf6c0.map",
      "size": 1299,
      "hash": "e6ebca489f38b73788b494509a4f83d87fdbf6c0"
    },
    {
      "path": "packages/raix_eventemitter.js",
      "where": "client",
      "type": "js",
      "cacheable": true,
      "url": "/packages/raix_eventemitter.js?2698ca3a2e678f77962ebe839ad04615958a4c26",
      "sourceMap": "packages/raix_eventemitter.js.map",
      "sourceMapUrl": "/packages/2698ca3a2e678f77962ebe839ad04615958a4c26.map",
      "size": 24179,
      "hash": "2698ca3a2e678f77962ebe839ad04615958a4c26"
    },
    {
      "path": "packages/cfs_storage-adapter.js",
      "where": "client",
      "type": "js",
      "cacheable": true,
      "url": "/packages/cfs_storage-adapter.js?4a90b7e5b74c89dce4cb2fa9ae70468a561566c4",
      "sourceMap": "packages/cfs_storage-adapter.js.map",
      "sourceMapUrl": "/packages/4a90b7e5b74c89dce4cb2fa9ae70468a561566c4.map",
      "size": 5608,
      "hash": "4a90b7e5b74c89dce4cb2fa9ae70468a561566c4"
    },
    {
      "path": "packages/cfs_filesystem.js",
      "where": "client",
      "type": "js",
      "cacheable": true,
      "url": "/packages/cfs_filesystem.js?9ad24a636eee4618b175d38deb943e91006788a1",
      "sourceMap": "packages/cfs_filesystem.js.map",
      "sourceMapUrl": "/packages/9ad24a636eee4618b175d38deb943e91006788a1.map",
      "size": 2692,
      "hash": "9ad24a636eee4618b175d38deb943e91006788a1"
    },
    {
      "path": "packages/jquery.js",
      "where": "client",
      "type": "js",
      "cacheable": true,
      "url": "/packages/jquery.js?dd8bac56f8fd3666d433d2285ae01e52597cc51a",
      "sourceMap": "packages/jquery.js.map",
      "sourceMapUrl": "/packages/dd8bac56f8fd3666d433d2285ae01e52597cc51a.map",
      "size": 1296513,
      "hash": "dd8bac56f8fd3666d433d2285ae01e52597cc51a"
    },
    {
      "path": "packages/mrt_bootstrap-3.js",
      "where": "client",
      "type": "js",
      "cacheable": true,
      "url": "/packages/mrt_bootstrap-3.js?cdd66806fce55191bbb255a2bd50e366b4d2992e",
      "sourceMap": "packages/mrt_bootstrap-3.js.map",
      "sourceMapUrl": "/packages/cdd66806fce55191bbb255a2bd50e366b4d2992e.map",
      "size": 247093,
      "hash": "cdd66806fce55191bbb255a2bd50e366b4d2992e"
    },
    {
      "path": "packages/webapp.js",
      "where": "client",
      "type": "js",
      "cacheable": true,
      "url": "/packages/webapp.js?e1be090051b82f046484dccc2de7d747e50c7328",
      "sourceMap": "packages/webapp.js.map",
      "sourceMapUrl": "/packages/e1be090051b82f046484dccc2de7d747e50c7328.map",
      "size": 3106,
      "hash": "e1be090051b82f046484dccc2de7d747e50c7328"
    },
    {
      "path": "packages/reactive-dict.js",
      "where": "client",
      "type": "js",
      "cacheable": true,
      "url": "/packages/reactive-dict.js?1cb61826ceb23464171f17c2191c7e04a9b91508",
      "sourceMap": "packages/reactive-dict.js.map",
      "sourceMapUrl": "/packages/1cb61826ceb23464171f17c2191c7e04a9b91508.map",
      "size": 21702,
      "hash": "1cb61826ceb23464171f17c2191c7e04a9b91508"
    },
    {
      "path": "packages/session.js",
      "where": "client",
      "type": "js",
      "cacheable": true,
      "url": "/packages/session.js?daf192a7244079d45db32a6fc26ebc3881fc1aa3",
      "sourceMap": "packages/session.js.map",
      "sourceMapUrl": "/packages/daf192a7244079d45db32a6fc26ebc3881fc1aa3.map",
      "size": 6491,
      "hash": "daf192a7244079d45db32a6fc26ebc3881fc1aa3"
    },
    {
      "path": "packages/htmljs.js",
      "where": "client",
      "type": "js",
      "cacheable": true,
      "url": "/packages/htmljs.js?567eb96d5d22631c03d6aca6afa4c42f0d1295f2",
      "sourceMap": "packages/htmljs.js.map",
      "sourceMapUrl": "/packages/567eb96d5d22631c03d6aca6afa4c42f0d1295f2.map",
      "size": 60161,
      "hash": "567eb96d5d22631c03d6aca6afa4c42f0d1295f2"
    },
    {
      "path": "packages/observe-sequence.js",
      "where": "client",
      "type": "js",
      "cacheable": true,
      "url": "/packages/observe-sequence.js?6b4f7613ee8a1bfc925dff4d3f5ac4c3b32327ae",
      "sourceMap": "packages/observe-sequence.js.map",
      "sourceMapUrl": "/packages/6b4f7613ee8a1bfc925dff4d3f5ac4c3b32327ae.map",
      "size": 30623,
      "hash": "6b4f7613ee8a1bfc925dff4d3f5ac4c3b32327ae"
    },
    {
      "path": "packages/reactive-var.js",
      "where": "client",
      "type": "js",
      "cacheable": true,
      "url": "/packages/reactive-var.js?20335b7b37165980ddd9f23943b2e5b00aae1cc2",
      "sourceMap": "packages/reactive-var.js.map",
      "sourceMapUrl": "/packages/20335b7b37165980ddd9f23943b2e5b00aae1cc2.map",
      "size": 13963,
      "hash": "20335b7b37165980ddd9f23943b2e5b00aae1cc2"
    },
    {
      "path": "packages/blaze.js",
      "where": "client",
      "type": "js",
      "cacheable": true,
      "url": "/packages/blaze.js?4e49999979a58da0e2265f7bd3f5910f9901b07b",
      "sourceMap": "packages/blaze.js.map",
      "sourceMapUrl": "/packages/4e49999979a58da0e2265f7bd3f5910f9901b07b.map",
      "size": 424723,
      "hash": "4e49999979a58da0e2265f7bd3f5910f9901b07b"
    },
    {
      "path": "packages/ui.js",
      "where": "client",
      "type": "js",
      "cacheable": true,
      "url": "/packages/ui.js?5a663333fd30f8fd913f110e0ef779e84f67c4b8",
      "sourceMap": "packages/ui.js.map",
      "sourceMapUrl": "/packages/5a663333fd30f8fd913f110e0ef779e84f67c4b8.map",
      "size": 1529,
      "hash": "5a663333fd30f8fd913f110e0ef779e84f67c4b8"
    },
    {
      "path": "packages/templating.js",
      "where": "client",
      "type": "js",
      "cacheable": true,
      "url": "/packages/templating.js?376767bb0d2463b3b2615a1b90e77f6b22d39d7b",
      "sourceMap": "packages/templating.js.map",
      "sourceMapUrl": "/packages/376767bb0d2463b3b2615a1b90e77f6b22d39d7b.map",
      "size": 11674,
      "hash": "376767bb0d2463b3b2615a1b90e77f6b22d39d7b"
    },
    {
      "path": "packages/spacebars.js",
      "where": "client",
      "type": "js",
      "cacheable": true,
      "url": "/packages/spacebars.js?7bafbe05ec09b6bbb6a3b276537e4995ab298a2f",
      "sourceMap": "packages/spacebars.js.map",
      "sourceMapUrl": "/packages/7bafbe05ec09b6bbb6a3b276537e4995ab298a2f.map",
      "size": 42236,
      "hash": "7bafbe05ec09b6bbb6a3b276537e4995ab298a2f"
    },
    {
      "path": "packages/launch-screen.js",
      "where": "client",
      "type": "js",
      "cacheable": true,
      "url": "/packages/launch-screen.js?495e58cf2465ba553324c68301cc62076b1fda1e",
      "sourceMap": "packages/launch-screen.js.map",
      "sourceMapUrl": "/packages/495e58cf2465ba553324c68301cc62076b1fda1e.map",
      "size": 8667,
      "hash": "495e58cf2465ba553324c68301cc62076b1fda1e"
    },
    {
      "path": "packages/url.js",
      "where": "client",
      "type": "js",
      "cacheable": true,
      "url": "/packages/url.js?2312d739008b2ffa52f13c77c5d6fc59c9e17d56",
      "sourceMap": "packages/url.js.map",
      "sourceMapUrl": "/packages/2312d739008b2ffa52f13c77c5d6fc59c9e17d56.map",
      "size": 6642,
      "hash": "2312d739008b2ffa52f13c77c5d6fc59c9e17d56"
    },
    {
      "path": "packages/http.js",
      "where": "client",
      "type": "js",
      "cacheable": true,
      "url": "/packages/http.js?c3c7d0da66f683af57294173733637845f39253a",
      "sourceMap": "packages/http.js.map",
      "sourceMapUrl": "/packages/c3c7d0da66f683af57294173733637845f39253a.map",
      "size": 37780,
      "hash": "c3c7d0da66f683af57294173733637845f39253a"
    },
    {
      "path": "packages/cfs_data-man.js",
      "where": "client",
      "type": "js",
      "cacheable": true,
      "url": "/packages/cfs_data-man.js?a69f9a3bd18f305c48ef0bb42bbbbe2a047e4d4e",
      "sourceMap": "packages/cfs_data-man.js.map",
      "sourceMapUrl": "/packages/a69f9a3bd18f305c48ef0bb42bbbbe2a047e4d4e.map",
      "size": 60745,
      "hash": "a69f9a3bd18f305c48ef0bb42bbbbe2a047e4d4e"
    },
    {
      "path": "packages/cfs_file.js",
      "where": "client",
      "type": "js",
      "cacheable": true,
      "url": "/packages/cfs_file.js?f44220407bc5afa9d512bd07e33dcd3dde0839b9",
      "sourceMap": "packages/cfs_file.js.map",
      "sourceMapUrl": "/packages/f44220407bc5afa9d512bd07e33dcd3dde0839b9.map",
      "size": 90383,
      "hash": "f44220407bc5afa9d512bd07e33dcd3dde0839b9"
    },
    {
      "path": "packages/cfs_tempstore.js",
      "where": "client",
      "type": "js",
      "cacheable": true,
      "url": "/packages/cfs_tempstore.js?57bd2292fb397e5bb2efc7ada35e4edc9c1452f8",
      "sourceMap": "packages/cfs_tempstore.js.map",
      "sourceMapUrl": "/packages/57bd2292fb397e5bb2efc7ada35e4edc9c1452f8.map",
      "size": 1339,
      "hash": "57bd2292fb397e5bb2efc7ada35e4edc9c1452f8"
    },
    {
      "path": "packages/cfs_http-methods.js",
      "where": "client",
      "type": "js",
      "cacheable": true,
      "url": "/packages/cfs_http-methods.js?27ebb517f41bc4064a6fa551be12698982803678",
      "sourceMap": "packages/cfs_http-methods.js.map",
      "sourceMapUrl": "/packages/27ebb517f41bc4064a6fa551be12698982803678.map",
      "size": 2377,
      "hash": "27ebb517f41bc4064a6fa551be12698982803678"
    },
    {
      "path": "packages/cfs_http-publish.js",
      "where": "client",
      "type": "js",
      "cacheable": true,
      "url": "/packages/cfs_http-publish.js?145ad24eef4127acca730985e0e9bf09770582a8",
      "sourceMap": "packages/cfs_http-publish.js.map",
      "sourceMapUrl": "/packages/145ad24eef4127acca730985e0e9bf09770582a8.map",
      "size": 3007,
      "hash": "145ad24eef4127acca730985e0e9bf09770582a8"
    },
    {
      "path": "packages/cfs_access-point.js",
      "where": "client",
      "type": "js",
      "cacheable": true,
      "url": "/packages/cfs_access-point.js?0bfe974ee453abef55cf9a71244e13121aabc0a3",
      "sourceMap": "packages/cfs_access-point.js.map",
      "sourceMapUrl": "/packages/0bfe974ee453abef55cf9a71244e13121aabc0a3.map",
      "size": 32852,
      "hash": "0bfe974ee453abef55cf9a71244e13121aabc0a3"
    },
    {
      "path": "packages/cfs_reactive-property.js",
      "where": "client",
      "type": "js",
      "cacheable": true,
      "url": "/packages/cfs_reactive-property.js?9eae0a7e5e4347f034060de7243a83d2f30bc1aa",
      "sourceMap": "packages/cfs_reactive-property.js.map",
      "sourceMapUrl": "/packages/9eae0a7e5e4347f034060de7243a83d2f30bc1aa.map",
      "size": 14444,
      "hash": "9eae0a7e5e4347f034060de7243a83d2f30bc1aa"
    },
    {
      "path": "packages/cfs_reactive-list.js",
      "where": "client",
      "type": "js",
      "cacheable": true,
      "url": "/packages/cfs_reactive-list.js?74e35a358dc54480adf3c5649328dfca33bc07f5",
      "sourceMap": "packages/cfs_reactive-list.js.map",
      "sourceMapUrl": "/packages/74e35a358dc54480adf3c5649328dfca33bc07f5.map",
      "size": 33128,
      "hash": "74e35a358dc54480adf3c5649328dfca33bc07f5"
    },
    {
      "path": "packages/cfs_power-queue.js",
      "where": "client",
      "type": "js",
      "cacheable": true,
      "url": "/packages/cfs_power-queue.js?255f444fbb9de891f6e803923430c0dc1fa40e4f",
      "sourceMap": "packages/cfs_power-queue.js.map",
      "sourceMapUrl": "/packages/255f444fbb9de891f6e803923430c0dc1fa40e4f.map",
      "size": 92620,
      "hash": "255f444fbb9de891f6e803923430c0dc1fa40e4f"
    },
    {
      "path": "packages/cfs_upload-http.js",
      "where": "client",
      "type": "js",
      "cacheable": true,
      "url": "/packages/cfs_upload-http.js?cf37b2941c8cdbfd85cdc3948f57fed4bb429081",
      "sourceMap": "packages/cfs_upload-http.js.map",
      "sourceMapUrl": "/packages/cf37b2941c8cdbfd85cdc3948f57fed4bb429081.map",
      "size": 68435,
      "hash": "cf37b2941c8cdbfd85cdc3948f57fed4bb429081"
    },
    {
      "path": "packages/cfs_collection.js",
      "where": "client",
      "type": "js",
      "cacheable": true,
      "url": "/packages/cfs_collection.js?783a521518917c214b8f0d64768a03c003e71423",
      "sourceMap": "packages/cfs_collection.js.map",
      "sourceMapUrl": "/packages/783a521518917c214b8f0d64768a03c003e71423.map",
      "size": 57421,
      "hash": "783a521518917c214b8f0d64768a03c003e71423"
    },
    {
      "path": "packages/cfs_collection-filters.js",
      "where": "client",
      "type": "js",
      "cacheable": true,
      "url": "/packages/cfs_collection-filters.js?9444f9ff1045ffe9164a412c994d38824246f7ba",
      "sourceMap": "packages/cfs_collection-filters.js.map",
      "sourceMapUrl": "/packages/9444f9ff1045ffe9164a412c994d38824246f7ba.map",
      "size": 25721,
      "hash": "9444f9ff1045ffe9164a412c994d38824246f7ba"
    },
    {
      "path": "packages/cfs_worker.js",
      "where": "client",
      "type": "js",
      "cacheable": true,
      "url": "/packages/cfs_worker.js?2c2125302bc13e7d07b2ed552a61b8fde61c427d",
      "sourceMap": "packages/cfs_worker.js.map",
      "sourceMapUrl": "/packages/2c2125302bc13e7d07b2ed552a61b8fde61c427d.map",
      "size": 1452,
      "hash": "2c2125302bc13e7d07b2ed552a61b8fde61c427d"
    },
    {
      "path": "packages/global-imports.js",
      "where": "client",
      "type": "js",
      "cacheable": true,
      "url": "/packages/global-imports.js?f63b318b59ec4bceaa1b51619c914bdd3058fb5e",
      "size": 755,
      "hash": "f63b318b59ec4bceaa1b51619c914bdd3058fb5e"
    },
    {
      "path": "app/template.appdevoir2.js",
      "where": "client",
      "type": "js",
      "cacheable": true,
      "url": "/template.appdevoir2.js?2c3c4b77a126bcec5f77c2568a481d833576ec97",
      "size": 1926,
      "hash": "2c3c4b77a126bcec5f77c2568a481d833576ec97"
    },
    {
      "path": "app/appdevoir2.js",
      "where": "client",
      "type": "js",
      "cacheable": true,
      "url": "/appdevoir2.js?391cb1d8d9fe80805edbfd868fd81733ed2f4d92",
      "size": 1038,
      "hash": "391cb1d8d9fe80805edbfd868fd81733ed2f4d92"
    },
    {
      "path": "669458da220747fea158d9bd096024eefb4a50fe.css",
      "where": "client",
      "type": "css",
      "cacheable": true,
      "url": "/669458da220747fea158d9bd096024eefb4a50fe.css",
      "sourceMap": "669458da220747fea158d9bd096024eefb4a50fe.css.map",
      "sourceMapUrl": "/669458da220747fea158d9bd096024eefb4a50fe.map",
      "size": 124685,
      "hash": "669458da220747fea158d9bd096024eefb4a50fe"
    },
    {
      "path": "packages/mrt_bootstrap-3/bootstrap-3/fonts/glyphicons-halflings-regular.eot",
      "where": "client",
      "type": "asset",
      "cacheable": false,
      "url": "/packages/mrt_bootstrap-3/bootstrap-3/fonts/glyphicons-halflings-regular.eot",
      "size": 20290,
      "hash": "23799c0aa7b60fb1a66993d024f98ac105e74e93"
    },
    {
      "path": "packages/mrt_bootstrap-3/bootstrap-3/fonts/glyphicons-halflings-regular.ttf",
      "where": "client",
      "type": "asset",
      "cacheable": false,
      "url": "/packages/mrt_bootstrap-3/bootstrap-3/fonts/glyphicons-halflings-regular.ttf",
      "size": 41236,
      "hash": "536d2b1b2f3462fb122df1922f2e232546f1b11d"
    },
    {
      "path": "packages/mrt_bootstrap-3/bootstrap-3/fonts/glyphicons-halflings-regular.svg",
      "where": "client",
      "type": "asset",
      "cacheable": false,
      "url": "/packages/mrt_bootstrap-3/bootstrap-3/fonts/glyphicons-halflings-regular.svg",
      "size": 62850,
      "hash": "ecee9033d9183117d8f59df0e7238e2b24002b24"
    },
    {
      "path": "packages/mrt_bootstrap-3/bootstrap-3/fonts/glyphicons-halflings-regular.woff",
      "where": "client",
      "type": "asset",
      "cacheable": false,
      "url": "/packages/mrt_bootstrap-3/bootstrap-3/fonts/glyphicons-halflings-regular.woff",
      "size": 23292,
      "hash": "c6ea7b1a5bb16b160cc9b8a02f6f6371b5ef7b73"
    },
    {
      "path": "head.html",
      "where": "internal",
      "type": "head",
      "hash": "5d16ba4ba28fa04630cb428eb15b21d94d4533da"
    }
  ]
}